{"schemaVersion":"1.0","appDefinitionTemplate":{"id":"/providers/Microsoft.PowerApps/apps/","type":"Microsoft.PowerApps/apps","tags":{"minimumRequiredApiVersion":"2.2.0"},"properties":{"appVersion":"2019-09-22T21:48:08Z","lifeCycleId":"Published","createdByClientVersion":{"major":3,"minor":19092,"build":12,"revision":0,"majorRevision":0,"minorRevision":0},"minClientVersion":{"major":3,"minor":19092,"build":12,"revision":0,"majorRevision":0,"minorRevision":0},"backgroundColor":"rgba(0, 176, 240, 1)","backgroundImageUri":"/12999435746615838674/Nd6f6208d-eeac-4d45-a4c1-733867bc2aea-logoSmallFile","displayName":"Azure VM Requester","description":"","commitMessage":"","appUris":{"documentUri":{"value":"/12999435746615838674/Nc00de650-e56f-4902-810d-86594bf3423f-document.msapp","readonlyValue":"/12999435746615838674/Nc00de650-e56f-4902-810d-86594bf3423f-document.msapp"},"imageUris":[]},"createdTime":"0001-01-01T00:00:00Z","lastModifiedTime":"0001-01-01T00:00:00Z","sharedGroupsCount":0,"sharedUsersCount":0,"icons":{"smallIconUri":"/12999435746615838674/N5b845158-eb46-4dbd-bc59-434f96b41732-small.png","mediumIconUri":"/12999435746615838674/N45024fcd-75a4-4021-a7cb-4aae8c78795e-medium.png","largeIconUri":"/12999435746615838674/Na02e90e7-d4ce-4b8a-b817-4afa33b504eb-large.png","wideIconUri":"/12999435746615838674/N99cda499-3d7f-4943-b342-577c91b89c62-wide.png"},"connectionReferences":{},"databaseReferences":{"default.cds":{"databaseDetails":{"referenceType":"Environmental","environmentName":"default.cds"},"dataSources":{"Accounts":{"entitySetName":"accounts","logicalName":"account"},"VM Requests":{"entitySetName":"crcfe_vmrequests","logicalName":"crcfe_vmrequest"}}}},"almMode":"Environment"},"appComponents":[]}}